-- phpMyAdmin SQL Dump
-- version 4.9.4
-- https://www.phpmyadmin.net/
--
-- Host: localhost
-- Gegenereerd op: 08 aug 2020 om 14:07
-- Serverversie: 10.2.32-MariaDB
-- PHP-versie: 5.5.14

SET SQL_MODE = "NO_AUTO_VALUE_ON_ZERO";
SET AUTOCOMMIT = 0;
START TRANSACTION;
SET time_zone = "+00:00";


/*!40101 SET @OLD_CHARACTER_SET_CLIENT=@@CHARACTER_SET_CLIENT */;
/*!40101 SET @OLD_CHARACTER_SET_RESULTS=@@CHARACTER_SET_RESULTS */;
/*!40101 SET @OLD_COLLATION_CONNECTION=@@COLLATION_CONNECTION */;
/*!40101 SET NAMES utf8mb4 */;

--
-- Database: `geoffreyhendrikx`
--

-- --------------------------------------------------------

--
-- Tabelstructuur voor tabel `Games`
--

CREATE TABLE `Games` (
  `id` int(11) NOT NULL,
  `Name` varchar(10) NOT NULL
) ENGINE=InnoDB DEFAULT CHARSET=utf8mb4;

--
-- Gegevens worden geëxporteerd voor tabel `Games`
--

INSERT INTO `Games` (`id`, `Name`) VALUES
(2, 'MiniBall'),
(3, 'MaxBall'),
(4, 'MiniBlox'),
(5, 'MaxBlox'),
(6, 'BallBlox'),
(7, '');

-- --------------------------------------------------------

--
-- Tabelstructuur voor tabel `Scores`
--

CREATE TABLE `Scores` (
  `id` int(11) NOT NULL,
  `User_ID` int(11) NOT NULL,
  `Game_ID` int(11) NOT NULL,
  `Score` int(11) NOT NULL,
  `Datetime` datetime NOT NULL
) ENGINE=InnoDB DEFAULT CHARSET=utf8mb4;

--
-- Gegevens worden geëxporteerd voor tabel `Scores`
--

INSERT INTO `Scores` (`id`, `User_ID`, `Game_ID`, `Score`, `Datetime`) VALUES
(1, 1, 2, 21564, '2020-06-17 11:06:30'),
(2, 2, 3, 31564, '2020-06-18 11:06:47'),
(3, 3, 4, 2545, '2020-06-25 11:06:47'),
(4, 4, 5, 31564, '2020-06-27 11:06:47'),
(5, 5, 6, 54564564, '2020-06-11 11:06:47'),
(6, 2, 2, 54, '2020-06-15 11:06:47'),
(7, 4, 3, 256, '2020-06-17 11:06:47'),
(8, 2, 1, 123, '2020-06-19 11:06:47'),
(9, 2, 1, 123, '0000-00-00 00:00:00'),
(10, 2, 1, 123, '0000-00-00 00:00:00'),
(11, 2, 1, 123, '0000-00-00 00:00:00'),
(12, 2, 1, 123, '0000-00-00 00:00:00'),
(13, 2, 1, 123, '0000-00-00 00:00:00'),
(14, 2, 1, 123, '0000-00-00 00:00:00'),
(15, 2, 1, 123, '0000-00-00 00:00:00'),
(16, 1, 9, 420, '0000-00-00 00:00:00'),
(17, 1, 9, 420, '0000-00-00 00:00:00'),
(18, 1, 9, 420, '0000-00-00 00:00:00'),
(19, 1, 9, 420, '0000-00-00 00:00:00'),
(20, 1, 9, 420, '0000-00-00 00:00:00'),
(21, 1, 9, 420, '0000-00-00 00:00:00'),
(22, 1, 9, 420, '0000-00-00 00:00:00'),
(23, 1, 9, 420, '0000-00-00 00:00:00'),
(24, 1, 9, 420, '0000-00-00 00:00:00'),
(25, 1, 9, 420, '0000-00-00 00:00:00'),
(26, 1, 69, 420, '0000-00-00 00:00:00'),
(27, 1, 69, 420, '0000-00-00 00:00:00'),
(28, 1, 69, 420, '0000-00-00 00:00:00'),
(29, 1, 69, 420, '0000-00-00 00:00:00'),
(30, 1, 69, 420, '0000-00-00 00:00:00'),
(31, 1, 69, 420, '0000-00-00 00:00:00'),
(32, 1, 69, 420, '0000-00-00 00:00:00'),
(33, 1, 69, 420, '0000-00-00 00:00:00'),
(34, 1, 69, 420, '0000-00-00 00:00:00'),
(35, 1, 69, 420, '0000-00-00 00:00:00'),
(36, 1, 69, 420, '0000-00-00 00:00:00'),
(37, 1, 69, 420, '0000-00-00 00:00:00'),
(38, 1, 69, 420, '0000-00-00 00:00:00'),
(39, 1, 69, 420, '0000-00-00 00:00:00'),
(40, 1, 69, 420, '0000-00-00 00:00:00'),
(41, 1, 69, 420, '0000-00-00 00:00:00'),
(42, 1, 69, 420, '0000-00-00 00:00:00'),
(43, 1, 69, 420, '0000-00-00 00:00:00'),
(44, 1, 69, 420, '0000-00-00 00:00:00'),
(45, 1, 69, 420, '0000-00-00 00:00:00'),
(46, 1, 69, 420, '0000-00-00 00:00:00'),
(47, 1, 69, 420, '0000-00-00 00:00:00'),
(48, 1, 69, 420, '0000-00-00 00:00:00'),
(49, 1, 69, 420, '0000-00-00 00:00:00'),
(50, 1, 69, 420, '0000-00-00 00:00:00'),
(51, 1, 69, 420, '0000-00-00 00:00:00'),
(52, 1, 69, 420, '0000-00-00 00:00:00'),
(53, 1, 69, 420, '0000-00-00 00:00:00'),
(54, 1, 69, 420, '0000-00-00 00:00:00'),
(55, 1, 69, 420, '0000-00-00 00:00:00'),
(56, 1, 69, 420, '0000-00-00 00:00:00'),
(57, 1, 69, 420, '0000-00-00 00:00:00'),
(58, 1, 69, 420, '0000-00-00 00:00:00'),
(59, 1, 69, 420, '0000-00-00 00:00:00'),
(60, 1, 69, 420, '0000-00-00 00:00:00'),
(61, 1, 69, 420, '0000-00-00 00:00:00'),
(62, 1, 69, 420, '0000-00-00 00:00:00'),
(63, 1, 69, 420, '0000-00-00 00:00:00'),
(64, 1, 69, 420, '0000-00-00 00:00:00'),
(65, 1, 69, 420, '0000-00-00 00:00:00'),
(66, 1, 69, 420, '0000-00-00 00:00:00'),
(67, 1, 69, 420, '0000-00-00 00:00:00'),
(68, 1, 69, 420, '0000-00-00 00:00:00'),
(69, 1, 69, 420, '0000-00-00 00:00:00'),
(70, 1, 69, 420, '0000-00-00 00:00:00'),
(71, 1, 69, 420, '0000-00-00 00:00:00'),
(72, 1, 69, 420, '0000-00-00 00:00:00'),
(73, 1, 69, 420, '0000-00-00 00:00:00'),
(74, 1, 69, 420, '0000-00-00 00:00:00'),
(75, 1, 69, 420, '0000-00-00 00:00:00'),
(76, 1, 69, 420, '0000-00-00 00:00:00'),
(77, 1, 69, 420, '0000-00-00 00:00:00'),
(78, 1, 69, 420, '0000-00-00 00:00:00'),
(79, 1, 69, 420, '0000-00-00 00:00:00'),
(80, 1, 69, 420, '0000-00-00 00:00:00'),
(81, 1, 69, 420, '0000-00-00 00:00:00'),
(82, 1, 69, 420, '0000-00-00 00:00:00'),
(83, 1, 69, 420, '0000-00-00 00:00:00'),
(84, 1, 69, 420, '0000-00-00 00:00:00'),
(85, 1, 69, 420, '0000-00-00 00:00:00'),
(86, 1, 69, 420, '0000-00-00 00:00:00'),
(87, 1, 69, 420, '0000-00-00 00:00:00'),
(88, 1, 69, 420, '0000-00-00 00:00:00'),
(89, 1, 69, 420, '0000-00-00 00:00:00'),
(90, 1, 69, 420, '0000-00-00 00:00:00'),
(91, 1, 69, 420, '0000-00-00 00:00:00'),
(92, 1, 69, 420, '0000-00-00 00:00:00'),
(93, 1, 69, 420, '0000-00-00 00:00:00'),
(94, 1, 69, 420, '0000-00-00 00:00:00'),
(95, 1, 69, 420, '0000-00-00 00:00:00'),
(96, 1, 69, 420, '0000-00-00 00:00:00'),
(97, 1, 69, 420, '0000-00-00 00:00:00'),
(98, 1, 69, 420, '0000-00-00 00:00:00'),
(99, 1, 69, 420, '0000-00-00 00:00:00'),
(100, 1, 69, 420, '0000-00-00 00:00:00'),
(101, 1, 69, 420, '0000-00-00 00:00:00'),
(102, 1, 69, 420, '0000-00-00 00:00:00'),
(103, 1, 69, 420, '0000-00-00 00:00:00'),
(104, 1, 69, 420, '0000-00-00 00:00:00'),
(105, 1, 69, 420, '0000-00-00 00:00:00'),
(106, 1, 69, 420, '0000-00-00 00:00:00'),
(107, 1, 69, 420, '0000-00-00 00:00:00'),
(108, 1, 69, 420, '0000-00-00 00:00:00'),
(109, 1, 69, 420, '0000-00-00 00:00:00'),
(110, 1, 69, 420, '0000-00-00 00:00:00'),
(111, 1, 69, 420, '0000-00-00 00:00:00'),
(112, 1, 69, 420, '0000-00-00 00:00:00'),
(113, 1, 69, 420, '0000-00-00 00:00:00'),
(114, 1, 69, 420, '0000-00-00 00:00:00'),
(115, 1, 69, 420, '0000-00-00 00:00:00'),
(116, 1, 69, 420, '0000-00-00 00:00:00'),
(117, 1, 69, 420, '0000-00-00 00:00:00'),
(118, 1, 69, 420, '0000-00-00 00:00:00'),
(119, 1, 69, 420, '0000-00-00 00:00:00'),
(120, 1, 69, 420, '0000-00-00 00:00:00'),
(121, 1, 69, 420, '0000-00-00 00:00:00'),
(122, 1, 69, 420, '0000-00-00 00:00:00'),
(123, 1, 69, 420, '0000-00-00 00:00:00'),
(124, 1, 69, 420, '0000-00-00 00:00:00'),
(125, 1, 69, 420, '0000-00-00 00:00:00'),
(126, 1, 69, 420, '0000-00-00 00:00:00'),
(127, 1, 69, 420, '0000-00-00 00:00:00'),
(128, 1, 69, 420, '0000-00-00 00:00:00'),
(129, 1, 69, 420, '0000-00-00 00:00:00'),
(130, 1, 69, 420, '0000-00-00 00:00:00'),
(131, 1, 69, 420, '0000-00-00 00:00:00'),
(132, 1, 69, 420, '0000-00-00 00:00:00'),
(133, 1, 69, 420, '0000-00-00 00:00:00'),
(134, 1, 69, 420, '0000-00-00 00:00:00'),
(135, 1, 69, 420, '0000-00-00 00:00:00'),
(136, 1, 69, 420, '0000-00-00 00:00:00'),
(137, 1, 69, 420, '0000-00-00 00:00:00'),
(138, 1, 69, 420, '0000-00-00 00:00:00'),
(139, 1, 69, 420, '0000-00-00 00:00:00'),
(140, 1, 69, 420, '0000-00-00 00:00:00'),
(141, 1, 69, 420, '0000-00-00 00:00:00'),
(142, 1, 69, 420, '0000-00-00 00:00:00'),
(143, 1, 69, 420, '0000-00-00 00:00:00'),
(144, 1, 69, 420, '0000-00-00 00:00:00'),
(145, 1, 69, 420, '0000-00-00 00:00:00'),
(146, 1, 69, 420, '0000-00-00 00:00:00'),
(147, 1, 69, 420, '0000-00-00 00:00:00'),
(148, 1, 69, 420, '0000-00-00 00:00:00'),
(149, 1, 69, 420, '0000-00-00 00:00:00'),
(150, 1, 69, 420, '0000-00-00 00:00:00'),
(151, 1, 69, 420, '0000-00-00 00:00:00'),
(152, 1, 69, 420, '0000-00-00 00:00:00'),
(153, 1, 69, 420, '0000-00-00 00:00:00'),
(154, 1, 69, 420, '0000-00-00 00:00:00'),
(155, 1, 69, 420, '0000-00-00 00:00:00'),
(156, 1, 69, 420, '0000-00-00 00:00:00'),
(157, 1, 69, 420, '0000-00-00 00:00:00'),
(158, 1, 69, 420, '0000-00-00 00:00:00'),
(159, 1, 69, 420, '0000-00-00 00:00:00'),
(160, 1, 69, 420, '0000-00-00 00:00:00'),
(161, 1, 69, 420, '0000-00-00 00:00:00'),
(162, 1, 69, 420, '0000-00-00 00:00:00'),
(163, 1, 69, 420, '0000-00-00 00:00:00'),
(164, 1, 69, 420, '0000-00-00 00:00:00'),
(165, 1, 69, 420, '0000-00-00 00:00:00'),
(166, 1, 69, 420, '0000-00-00 00:00:00'),
(167, 1, 69, 420, '0000-00-00 00:00:00'),
(168, 1, 69, 420, '0000-00-00 00:00:00'),
(169, 1, 69, 420, '0000-00-00 00:00:00'),
(170, 1, 69, 420, '0000-00-00 00:00:00'),
(171, 1, 69, 420, '0000-00-00 00:00:00'),
(172, 1, 69, 420, '0000-00-00 00:00:00'),
(173, 1, 69, 420, '0000-00-00 00:00:00'),
(174, 1, 69, 420, '0000-00-00 00:00:00'),
(175, 1, 69, 420, '0000-00-00 00:00:00'),
(176, 1, 69, 420, '0000-00-00 00:00:00'),
(177, 1, 69, 420, '0000-00-00 00:00:00'),
(178, 1, 69, 420, '0000-00-00 00:00:00'),
(179, 1, 69, 420, '0000-00-00 00:00:00'),
(180, 1, 69, 420, '0000-00-00 00:00:00'),
(181, 1, 69, 420, '0000-00-00 00:00:00'),
(182, 1, 69, 420, '0000-00-00 00:00:00'),
(183, 1, 69, 420, '0000-00-00 00:00:00'),
(184, 1, 69, 420, '0000-00-00 00:00:00'),
(185, 1, 69, 420, '0000-00-00 00:00:00'),
(186, 1, 69, 420, '0000-00-00 00:00:00'),
(187, 1, 69, 420, '0000-00-00 00:00:00'),
(188, 1, 69, 420, '0000-00-00 00:00:00'),
(189, 1, 69, 420, '0000-00-00 00:00:00'),
(190, 1, 69, 420, '0000-00-00 00:00:00'),
(191, 1, 69, 420, '0000-00-00 00:00:00'),
(192, 1, 69, 420, '0000-00-00 00:00:00'),
(193, 1, 69, 420, '0000-00-00 00:00:00'),
(194, 1, 69, 420, '0000-00-00 00:00:00'),
(195, 1, 69, 420, '0000-00-00 00:00:00'),
(196, 1, 69, 420, '0000-00-00 00:00:00'),
(197, 1, 69, 420, '0000-00-00 00:00:00'),
(198, 1, 69, 420, '0000-00-00 00:00:00'),
(199, 1, 69, 420, '0000-00-00 00:00:00'),
(200, 1, 69, 420, '0000-00-00 00:00:00'),
(201, 1, 69, 420, '0000-00-00 00:00:00'),
(202, 1, 69, 420, '0000-00-00 00:00:00'),
(203, 1, 69, 420, '0000-00-00 00:00:00'),
(204, 1, 69, 420, '0000-00-00 00:00:00'),
(205, 1, 69, 420, '0000-00-00 00:00:00'),
(206, 1, 69, 420, '0000-00-00 00:00:00'),
(207, 1, 69, 420, '0000-00-00 00:00:00'),
(208, 1, 69, 420, '0000-00-00 00:00:00'),
(209, 1, 69, 420, '0000-00-00 00:00:00'),
(210, 1, 69, 420, '0000-00-00 00:00:00'),
(211, 1, 69, 420, '0000-00-00 00:00:00'),
(212, 1, 69, 420, '0000-00-00 00:00:00'),
(213, 1, 69, 420, '0000-00-00 00:00:00'),
(214, 1, 69, 420, '0000-00-00 00:00:00'),
(215, 1, 69, 420, '0000-00-00 00:00:00'),
(216, 1, 69, 420, '0000-00-00 00:00:00'),
(217, 1, 69, 420, '0000-00-00 00:00:00'),
(218, 1, 69, 420, '0000-00-00 00:00:00'),
(219, 1, 69, 420, '0000-00-00 00:00:00'),
(220, 1, 69, 420, '0000-00-00 00:00:00'),
(221, 1, 69, 420, '0000-00-00 00:00:00'),
(222, 1, 69, 420, '0000-00-00 00:00:00'),
(223, 1, 69, 420, '0000-00-00 00:00:00'),
(224, 1, 69, 420, '0000-00-00 00:00:00'),
(225, 1, 69, 420, '0000-00-00 00:00:00'),
(226, 1, 69, 420, '0000-00-00 00:00:00'),
(227, 1, 69, 420, '0000-00-00 00:00:00'),
(228, 1, 69, 420, '0000-00-00 00:00:00'),
(229, 1, 69, 420, '0000-00-00 00:00:00'),
(230, 1, 69, 420, '0000-00-00 00:00:00'),
(231, 1, 69, 420, '0000-00-00 00:00:00'),
(232, 1, 69, 420, '0000-00-00 00:00:00'),
(233, 1, 69, 420, '0000-00-00 00:00:00'),
(234, 1, 69, 420, '0000-00-00 00:00:00'),
(235, 1, 69, 420, '0000-00-00 00:00:00'),
(236, 1, 69, 420, '0000-00-00 00:00:00'),
(237, 1, 69, 420, '0000-00-00 00:00:00'),
(238, 1, 69, 420, '0000-00-00 00:00:00'),
(239, 1, 69, 420, '0000-00-00 00:00:00'),
(240, 1, 69, 420, '0000-00-00 00:00:00'),
(241, 1, 69, 420, '0000-00-00 00:00:00'),
(242, 1, 69, 420, '0000-00-00 00:00:00'),
(243, 1, 69, 420, '0000-00-00 00:00:00'),
(244, 1, 69, 420, '0000-00-00 00:00:00'),
(245, 1, 69, 420, '0000-00-00 00:00:00'),
(246, 1, 69, 420, '0000-00-00 00:00:00'),
(247, 1, 69, 420, '0000-00-00 00:00:00'),
(248, 1, 69, 420, '0000-00-00 00:00:00'),
(249, 1, 69, 420, '0000-00-00 00:00:00'),
(250, 1, 69, 420, '0000-00-00 00:00:00'),
(251, 1, 69, 420, '0000-00-00 00:00:00'),
(252, 1, 69, 420, '0000-00-00 00:00:00'),
(253, 1, 69, 420, '0000-00-00 00:00:00'),
(254, 1, 69, 420, '0000-00-00 00:00:00'),
(255, 1, 69, 420, '0000-00-00 00:00:00'),
(256, 1, 69, 420, '0000-00-00 00:00:00'),
(257, 1, 69, 420, '0000-00-00 00:00:00'),
(258, 1, 69, 420, '0000-00-00 00:00:00'),
(259, 1, 69, 420, '0000-00-00 00:00:00'),
(260, 1, 69, 420, '0000-00-00 00:00:00'),
(261, 1, 69, 420, '0000-00-00 00:00:00'),
(262, 1, 69, 420, '0000-00-00 00:00:00'),
(263, 1, 69, 420, '0000-00-00 00:00:00'),
(264, 1, 69, 420, '0000-00-00 00:00:00'),
(265, 1, 69, 420, '0000-00-00 00:00:00'),
(266, 1, 69, 420, '0000-00-00 00:00:00'),
(267, 1, 69, 420, '0000-00-00 00:00:00'),
(268, 1, 69, 420, '0000-00-00 00:00:00'),
(269, 1, 69, 420, '0000-00-00 00:00:00'),
(270, 1, 69, 420, '0000-00-00 00:00:00'),
(271, 1, 69, 420, '0000-00-00 00:00:00'),
(272, 1, 69, 420, '0000-00-00 00:00:00'),
(273, 1, 69, 420, '0000-00-00 00:00:00'),
(274, 1, 69, 420, '0000-00-00 00:00:00'),
(275, 1, 69, 420, '0000-00-00 00:00:00'),
(276, 1, 69, 420, '0000-00-00 00:00:00'),
(277, 1, 69, 420, '0000-00-00 00:00:00'),
(278, 1, 69, 420, '0000-00-00 00:00:00'),
(279, 1, 69, 420, '0000-00-00 00:00:00'),
(280, 1, 69, 420, '0000-00-00 00:00:00'),
(281, 1, 69, 420, '0000-00-00 00:00:00'),
(282, 1, 69, 420, '0000-00-00 00:00:00'),
(283, 1, 69, 420, '0000-00-00 00:00:00'),
(284, 1, 69, 420, '0000-00-00 00:00:00'),
(285, 1, 69, 420, '0000-00-00 00:00:00'),
(286, 1, 69, 420, '0000-00-00 00:00:00'),
(287, 1, 69, 420, '0000-00-00 00:00:00'),
(288, 1, 69, 420, '0000-00-00 00:00:00'),
(289, 1, 69, 420, '0000-00-00 00:00:00'),
(290, 1, 69, 420, '0000-00-00 00:00:00'),
(291, 1, 69, 420, '0000-00-00 00:00:00'),
(292, 1, 69, 420, '0000-00-00 00:00:00'),
(293, 1, 69, 420, '0000-00-00 00:00:00'),
(294, 1, 69, 420, '0000-00-00 00:00:00'),
(295, 1, 69, 420, '0000-00-00 00:00:00'),
(296, 1, 69, 420, '0000-00-00 00:00:00'),
(297, 1, 69, 420, '0000-00-00 00:00:00'),
(298, 1, 69, 420, '0000-00-00 00:00:00'),
(299, 1, 69, 420, '0000-00-00 00:00:00'),
(300, 1, 69, 420, '0000-00-00 00:00:00'),
(301, 1, 69, 420, '0000-00-00 00:00:00'),
(302, 1, 69, 420, '0000-00-00 00:00:00'),
(303, 1, 69, 420, '0000-00-00 00:00:00'),
(304, 1, 69, 420, '0000-00-00 00:00:00'),
(305, 1, 69, 420, '0000-00-00 00:00:00'),
(306, 1, 69, 420, '0000-00-00 00:00:00'),
(307, 1, 69, 420, '0000-00-00 00:00:00'),
(308, 1, 69, 420, '0000-00-00 00:00:00'),
(309, 1, 69, 420, '0000-00-00 00:00:00'),
(310, 1, 69, 420, '0000-00-00 00:00:00'),
(311, 1, 69, 420, '0000-00-00 00:00:00'),
(312, 1, 69, 420, '0000-00-00 00:00:00'),
(313, 1, 69, 420, '0000-00-00 00:00:00'),
(314, 1, 69, 420, '0000-00-00 00:00:00'),
(315, 1, 69, 420, '0000-00-00 00:00:00'),
(316, 1, 69, 420, '0000-00-00 00:00:00'),
(317, 1, 69, 420, '0000-00-00 00:00:00'),
(318, 1, 69, 420, '0000-00-00 00:00:00'),
(319, 1, 69, 420, '0000-00-00 00:00:00'),
(320, 1, 69, 420, '0000-00-00 00:00:00'),
(321, 1, 69, 420, '0000-00-00 00:00:00'),
(322, 1, 69, 420, '0000-00-00 00:00:00'),
(323, 1, 69, 420, '0000-00-00 00:00:00'),
(324, 1, 69, 420, '0000-00-00 00:00:00'),
(325, 1, 69, 420, '0000-00-00 00:00:00'),
(326, 1, 69, 420, '0000-00-00 00:00:00'),
(327, 1, 69, 420, '0000-00-00 00:00:00'),
(328, 1, 69, 420, '0000-00-00 00:00:00'),
(329, 1, 69, 420, '0000-00-00 00:00:00'),
(330, 1, 69, 420, '0000-00-00 00:00:00'),
(331, 1, 69, 420, '0000-00-00 00:00:00'),
(332, 1, 69, 420, '0000-00-00 00:00:00'),
(333, 1, 69, 420, '0000-00-00 00:00:00'),
(334, 1, 69, 420, '0000-00-00 00:00:00'),
(335, 1, 69, 420, '0000-00-00 00:00:00'),
(336, 1, 69, 420, '0000-00-00 00:00:00'),
(337, 1, 69, 420, '0000-00-00 00:00:00'),
(338, 1, 69, 420, '0000-00-00 00:00:00'),
(339, 1, 69, 420, '0000-00-00 00:00:00'),
(340, 1, 69, 420, '0000-00-00 00:00:00'),
(341, 1, 69, 420, '0000-00-00 00:00:00'),
(342, 1, 69, 420, '0000-00-00 00:00:00'),
(343, 1, 69, 420, '0000-00-00 00:00:00'),
(344, 1, 69, 420, '0000-00-00 00:00:00'),
(345, 1, 69, 420, '0000-00-00 00:00:00'),
(346, 1, 69, 420, '0000-00-00 00:00:00'),
(347, 1, 69, 420, '0000-00-00 00:00:00'),
(348, 1, 69, 420, '0000-00-00 00:00:00'),
(349, 1, 69, 420, '0000-00-00 00:00:00'),
(350, 1, 69, 420, '0000-00-00 00:00:00'),
(351, 1, 69, 420, '0000-00-00 00:00:00'),
(352, 1, 69, 420, '0000-00-00 00:00:00'),
(353, 1, 69, 420, '0000-00-00 00:00:00'),
(354, 1, 69, 420, '0000-00-00 00:00:00'),
(355, 1, 69, 420, '0000-00-00 00:00:00'),
(356, 1, 69, 420, '0000-00-00 00:00:00'),
(357, 1, 69, 420, '0000-00-00 00:00:00'),
(358, 1, 69, 420, '0000-00-00 00:00:00'),
(359, 1, 69, 420, '0000-00-00 00:00:00'),
(360, 1, 69, 420, '0000-00-00 00:00:00'),
(361, 1, 69, 420, '0000-00-00 00:00:00'),
(362, 1, 69, 420, '0000-00-00 00:00:00'),
(363, 1, 69, 420, '0000-00-00 00:00:00'),
(364, 1, 69, 420, '0000-00-00 00:00:00'),
(365, 1, 69, 420, '0000-00-00 00:00:00'),
(366, 1, 69, 420, '0000-00-00 00:00:00'),
(367, 1, 69, 420, '0000-00-00 00:00:00'),
(368, 1, 69, 420, '0000-00-00 00:00:00'),
(369, 1, 69, 420, '0000-00-00 00:00:00'),
(370, 1, 69, 420, '0000-00-00 00:00:00'),
(371, 1, 69, 420, '0000-00-00 00:00:00'),
(372, 1, 69, 420, '0000-00-00 00:00:00'),
(373, 1, 69, 420, '0000-00-00 00:00:00'),
(374, 1, 69, 420, '0000-00-00 00:00:00'),
(375, 1, 69, 420, '0000-00-00 00:00:00'),
(376, 1, 69, 420, '0000-00-00 00:00:00'),
(377, 1, 69, 420, '0000-00-00 00:00:00'),
(378, 1, 69, 420, '0000-00-00 00:00:00'),
(379, 1, 69, 420, '0000-00-00 00:00:00'),
(380, 1, 69, 420, '0000-00-00 00:00:00'),
(381, 1, 69, 420, '0000-00-00 00:00:00'),
(382, 1, 69, 420, '0000-00-00 00:00:00'),
(383, 1, 69, 420, '0000-00-00 00:00:00'),
(384, 1, 69, 420, '0000-00-00 00:00:00'),
(385, 1, 69, 420, '0000-00-00 00:00:00'),
(386, 1, 69, 420, '0000-00-00 00:00:00'),
(387, 1, 69, 420, '0000-00-00 00:00:00'),
(388, 1, 69, 420, '0000-00-00 00:00:00'),
(389, 1, 69, 420, '0000-00-00 00:00:00'),
(390, 1, 69, 420, '0000-00-00 00:00:00'),
(391, 1, 69, 420, '0000-00-00 00:00:00'),
(392, 1, 69, 420, '0000-00-00 00:00:00'),
(393, 1, 69, 420, '0000-00-00 00:00:00'),
(394, 1, 69, 420, '0000-00-00 00:00:00'),
(395, 1, 69, 420, '0000-00-00 00:00:00'),
(396, 1, 69, 420, '0000-00-00 00:00:00'),
(397, 1, 69, 420, '0000-00-00 00:00:00'),
(398, 1, 69, 420, '0000-00-00 00:00:00'),
(399, 1, 69, 420, '0000-00-00 00:00:00'),
(400, 1, 69, 420, '0000-00-00 00:00:00'),
(401, 1, 69, 420, '0000-00-00 00:00:00'),
(402, 1, 69, 420, '0000-00-00 00:00:00'),
(403, 1, 69, 420, '0000-00-00 00:00:00'),
(404, 1, 69, 420, '0000-00-00 00:00:00'),
(405, 1, 69, 420, '0000-00-00 00:00:00'),
(406, 1, 69, 420, '0000-00-00 00:00:00'),
(407, 1, 69, 420, '0000-00-00 00:00:00'),
(408, 1, 69, 420, '0000-00-00 00:00:00'),
(409, 1, 69, 420, '0000-00-00 00:00:00'),
(410, 1, 69, 420, '0000-00-00 00:00:00'),
(411, 1, 69, 420, '0000-00-00 00:00:00'),
(412, 1, 69, 420, '0000-00-00 00:00:00'),
(413, 1, 69, 420, '0000-00-00 00:00:00'),
(414, 1, 69, 420, '0000-00-00 00:00:00'),
(415, 1, 69, 420, '0000-00-00 00:00:00'),
(416, 1, 69, 420, '0000-00-00 00:00:00'),
(417, 1, 69, 420, '0000-00-00 00:00:00'),
(418, 1, 69, 420, '0000-00-00 00:00:00'),
(419, 1, 69, 420, '0000-00-00 00:00:00'),
(420, 1, 69, 420, '0000-00-00 00:00:00'),
(421, 1, 69, 420, '0000-00-00 00:00:00'),
(422, 1, 69, 420, '0000-00-00 00:00:00'),
(423, 1, 69, 420, '0000-00-00 00:00:00'),
(424, 1, 69, 420, '0000-00-00 00:00:00'),
(425, 1, 69, 420, '0000-00-00 00:00:00'),
(426, 1, 69, 420, '0000-00-00 00:00:00'),
(427, 1, 69, 420, '0000-00-00 00:00:00'),
(428, 1, 69, 420, '0000-00-00 00:00:00'),
(429, 1, 69, 420, '0000-00-00 00:00:00'),
(430, 1, 69, 420, '0000-00-00 00:00:00'),
(431, 1, 69, 420, '0000-00-00 00:00:00'),
(432, 1, 69, 420, '0000-00-00 00:00:00'),
(433, 1, 69, 420, '0000-00-00 00:00:00'),
(434, 1, 69, 420, '0000-00-00 00:00:00'),
(435, 1, 69, 420, '0000-00-00 00:00:00'),
(436, 1, 69, 420, '0000-00-00 00:00:00'),
(437, 1, 69, 420, '0000-00-00 00:00:00'),
(438, 1, 69, 420, '0000-00-00 00:00:00'),
(439, 1, 69, 420, '0000-00-00 00:00:00'),
(440, 1, 69, 420, '0000-00-00 00:00:00'),
(441, 1, 69, 420, '0000-00-00 00:00:00'),
(442, 1, 69, 420, '0000-00-00 00:00:00'),
(443, 1, 69, 420, '0000-00-00 00:00:00'),
(444, 1, 69, 420, '0000-00-00 00:00:00'),
(445, 1, 69, 420, '0000-00-00 00:00:00'),
(446, 1, 69, 420, '0000-00-00 00:00:00'),
(447, 1, 69, 420, '0000-00-00 00:00:00'),
(448, 1, 69, 420, '0000-00-00 00:00:00'),
(449, 1, 69, 420, '0000-00-00 00:00:00'),
(450, 1, 69, 420, '0000-00-00 00:00:00'),
(451, 1, 69, 420, '0000-00-00 00:00:00'),
(452, 1, 69, 420, '0000-00-00 00:00:00'),
(453, 1, 69, 420, '0000-00-00 00:00:00'),
(454, 1, 69, 420, '0000-00-00 00:00:00'),
(455, 1, 69, 420, '0000-00-00 00:00:00'),
(456, 1, 69, 420, '0000-00-00 00:00:00'),
(457, 1, 69, 420, '0000-00-00 00:00:00'),
(458, 1, 69, 420, '0000-00-00 00:00:00'),
(459, 1, 69, 420, '0000-00-00 00:00:00'),
(460, 1, 69, 420, '0000-00-00 00:00:00'),
(461, 1, 69, 420, '0000-00-00 00:00:00'),
(462, 1, 69, 420, '0000-00-00 00:00:00'),
(463, 1, 69, 420, '0000-00-00 00:00:00'),
(464, 1, 69, 420, '0000-00-00 00:00:00'),
(465, 1, 69, 420, '0000-00-00 00:00:00'),
(466, 1, 69, 420, '0000-00-00 00:00:00'),
(467, 1, 69, 420, '0000-00-00 00:00:00'),
(468, 1, 69, 420, '0000-00-00 00:00:00'),
(469, 1, 69, 420, '0000-00-00 00:00:00'),
(470, 1, 69, 420, '0000-00-00 00:00:00'),
(471, 1, 69, 420, '0000-00-00 00:00:00'),
(472, 1, 69, 420, '0000-00-00 00:00:00'),
(473, 1, 69, 420, '0000-00-00 00:00:00'),
(474, 1, 69, 420, '0000-00-00 00:00:00'),
(475, 1, 69, 420, '0000-00-00 00:00:00'),
(476, 1, 69, 420, '0000-00-00 00:00:00'),
(477, 1, 69, 420, '0000-00-00 00:00:00'),
(478, 1, 69, 420, '0000-00-00 00:00:00'),
(479, 1, 69, 420, '0000-00-00 00:00:00'),
(480, 1, 69, 420, '0000-00-00 00:00:00'),
(481, 1, 69, 420, '0000-00-00 00:00:00'),
(482, 1, 69, 420, '0000-00-00 00:00:00'),
(483, 1, 69, 420, '0000-00-00 00:00:00'),
(484, 1, 69, 420, '0000-00-00 00:00:00'),
(485, 1, 69, 420, '0000-00-00 00:00:00'),
(486, 1, 69, 420, '0000-00-00 00:00:00'),
(487, 1, 69, 420, '0000-00-00 00:00:00'),
(488, 1, 69, 420, '0000-00-00 00:00:00'),
(489, 1, 69, 420, '0000-00-00 00:00:00'),
(490, 1, 69, 420, '0000-00-00 00:00:00'),
(491, 1, 69, 420, '0000-00-00 00:00:00'),
(492, 1, 69, 420, '0000-00-00 00:00:00'),
(493, 1, 69, 420, '0000-00-00 00:00:00'),
(494, 1, 69, 420, '0000-00-00 00:00:00'),
(495, 1, 69, 420, '0000-00-00 00:00:00'),
(496, 1, 69, 420, '0000-00-00 00:00:00'),
(497, 1, 69, 420, '0000-00-00 00:00:00'),
(498, 1, 69, 420, '0000-00-00 00:00:00'),
(499, 1, 69, 420, '0000-00-00 00:00:00'),
(500, 1, 69, 420, '0000-00-00 00:00:00'),
(501, 1, 69, 420, '0000-00-00 00:00:00'),
(502, 1, 69, 420, '0000-00-00 00:00:00'),
(503, 1, 69, 420, '0000-00-00 00:00:00'),
(504, 1, 69, 420, '0000-00-00 00:00:00'),
(505, 1, 69, 420, '0000-00-00 00:00:00'),
(506, 1, 69, 420, '0000-00-00 00:00:00'),
(507, 1, 69, 420, '0000-00-00 00:00:00'),
(508, 1, 69, 420, '0000-00-00 00:00:00'),
(509, 1, 69, 420, '0000-00-00 00:00:00'),
(510, 1, 69, 420, '0000-00-00 00:00:00'),
(511, 1, 69, 420, '0000-00-00 00:00:00'),
(512, 1, 69, 420, '0000-00-00 00:00:00'),
(513, 1, 69, 420, '0000-00-00 00:00:00'),
(514, 1, 69, 420, '0000-00-00 00:00:00'),
(515, 1, 69, 420, '0000-00-00 00:00:00'),
(516, 1, 69, 420, '0000-00-00 00:00:00'),
(517, 1, 69, 420, '0000-00-00 00:00:00'),
(518, 1, 69, 420, '0000-00-00 00:00:00'),
(519, 1, 69, 420, '0000-00-00 00:00:00'),
(520, 1, 69, 420, '0000-00-00 00:00:00'),
(521, 1, 69, 420, '0000-00-00 00:00:00'),
(522, 1, 69, 420, '0000-00-00 00:00:00'),
(523, 1, 69, 420, '0000-00-00 00:00:00'),
(524, 1, 69, 420, '0000-00-00 00:00:00'),
(525, 1, 69, 420, '0000-00-00 00:00:00'),
(526, 1, 69, 420, '0000-00-00 00:00:00'),
(527, 1, 69, 420, '0000-00-00 00:00:00'),
(528, 1, 69, 420, '0000-00-00 00:00:00'),
(529, 1, 69, 420, '0000-00-00 00:00:00'),
(530, 1, 69, 420, '0000-00-00 00:00:00'),
(531, 1, 69, 420, '0000-00-00 00:00:00'),
(532, 1, 69, 420, '0000-00-00 00:00:00'),
(533, 1, 69, 420, '0000-00-00 00:00:00'),
(534, 1, 69, 420, '0000-00-00 00:00:00'),
(535, 1, 69, 420, '0000-00-00 00:00:00'),
(536, 1, 69, 420, '0000-00-00 00:00:00'),
(537, 1, 69, 420, '0000-00-00 00:00:00'),
(538, 1, 69, 420, '0000-00-00 00:00:00'),
(539, 1, 69, 420, '0000-00-00 00:00:00'),
(540, 1, 69, 420, '0000-00-00 00:00:00'),
(541, 1, 69, 420, '0000-00-00 00:00:00'),
(542, 1, 69, 420, '0000-00-00 00:00:00'),
(543, 1, 69, 420, '0000-00-00 00:00:00'),
(544, 1, 69, 420, '0000-00-00 00:00:00'),
(545, 1, 69, 420, '0000-00-00 00:00:00'),
(546, 1, 69, 420, '0000-00-00 00:00:00'),
(547, 1, 69, 420, '0000-00-00 00:00:00'),
(548, 1, 69, 420, '0000-00-00 00:00:00'),
(549, 1, 69, 420, '0000-00-00 00:00:00'),
(550, 1, 69, 420, '0000-00-00 00:00:00'),
(551, 1, 69, 420, '0000-00-00 00:00:00'),
(552, 1, 69, 420, '0000-00-00 00:00:00'),
(553, 1, 69, 420, '0000-00-00 00:00:00'),
(554, 1, 69, 420, '0000-00-00 00:00:00'),
(555, 1, 69, 420, '0000-00-00 00:00:00'),
(556, 2, 1, 123, '0000-00-00 00:00:00'),
(557, 5, 111, 6000, '0000-00-00 00:00:00'),
(558, 123893098, 111, 1, '0000-00-00 00:00:00'),
(559, 1, 2, 4, '0000-00-00 00:00:00'),
(560, 6, 1, 156, '2020-08-03 13:23:04'),
(564, 5, 1, 15, '2020-08-03 13:30:16'),
(565, 5, 1, 15, '2020-08-03 13:33:42'),
(566, 5, 1, 15, '2020-08-03 13:39:51'),
(567, 5, 1, 613, '2020-08-04 11:37:21'),
(568, 5, 1, 613, '2020-08-04 11:37:21');

-- --------------------------------------------------------

--
-- Tabelstructuur voor tabel `Servers`
--

CREATE TABLE `Servers` (
  `id` int(11) NOT NULL,
  `server_password` text NOT NULL
) ENGINE=InnoDB DEFAULT CHARSET=utf8mb4;

--
-- Gegevens worden geëxporteerd voor tabel `Servers`
--

INSERT INTO `Servers` (`id`, `server_password`) VALUES
(1, 'vertelikniet');

-- --------------------------------------------------------

--
-- Tabelstructuur voor tabel `Users`
--

CREATE TABLE `Users` (
  `ID` int(11) NOT NULL,
  `Username` varchar(50) NOT NULL,
  `Email` varchar(50) NOT NULL,
  `Password` text NOT NULL,
  `DateTime` datetime NOT NULL
) ENGINE=InnoDB DEFAULT CHARSET=utf8mb4;

--
-- Gegevens worden geëxporteerd voor tabel `Users`
--

INSERT INTO `Users` (`ID`, `Username`, `Email`, `Password`, `DateTime`) VALUES
(1, 'Bob', 'Test@hotmail.com', 'skadjljkasdisdsd', '2020-06-24 10:59:17'),
(2, 'Jan', 'Test@hotmail.com', 'skadjljkasdisdsd', '2020-06-26 10:59:17'),
(3, 'Rene', 'Test@gmail.com', 'fdgfdsgfdsg', '2020-06-10 10:59:17'),
(4, 'Philip', 'asdlkasj@saodaaosd.nl', 'sdakjsdkjlsajfsdkjlahfsdjkaf', '2020-06-28 10:59:17'),
(5, 'Kees', 'asdlkasj@saodaaosd.nl', 'geheim', '2020-06-30 10:59:17'),
(6, 'Geoffrey', 'geoffreyhendrikx@hotmail.com', 'geheim', '2020-06-26 10:59:17');

--
-- Indexen voor geëxporteerde tabellen
--

--
-- Indexen voor tabel `Games`
--
ALTER TABLE `Games`
  ADD PRIMARY KEY (`id`);

--
-- Indexen voor tabel `Scores`
--
ALTER TABLE `Scores`
  ADD PRIMARY KEY (`id`);

--
-- Indexen voor tabel `Servers`
--
ALTER TABLE `Servers`
  ADD PRIMARY KEY (`id`);

--
-- Indexen voor tabel `Users`
--
ALTER TABLE `Users`
  ADD PRIMARY KEY (`ID`);

--
-- AUTO_INCREMENT voor geëxporteerde tabellen
--

--
-- AUTO_INCREMENT voor een tabel `Games`
--
ALTER TABLE `Games`
  MODIFY `id` int(11) NOT NULL AUTO_INCREMENT, AUTO_INCREMENT=8;

--
-- AUTO_INCREMENT voor een tabel `Scores`
--
ALTER TABLE `Scores`
  MODIFY `id` int(11) NOT NULL AUTO_INCREMENT, AUTO_INCREMENT=569;

--
-- AUTO_INCREMENT voor een tabel `Servers`
--
ALTER TABLE `Servers`
  MODIFY `id` int(11) NOT NULL AUTO_INCREMENT, AUTO_INCREMENT=2;

--
-- AUTO_INCREMENT voor een tabel `Users`
--
ALTER TABLE `Users`
  MODIFY `ID` int(11) NOT NULL AUTO_INCREMENT, AUTO_INCREMENT=24;
COMMIT;

/*!40101 SET CHARACTER_SET_CLIENT=@OLD_CHARACTER_SET_CLIENT */;
/*!40101 SET CHARACTER_SET_RESULTS=@OLD_CHARACTER_SET_RESULTS */;
/*!40101 SET COLLATION_CONNECTION=@OLD_COLLATION_CONNECTION */;
